{"cameraMode":{"drawMode":0,"name":"Shaded","section":"Shading Mode"},"sceneLighting":true,"audioPlay":false,"sceneViewState":{"showFog":true,"showMaterialUpdate":true,"showSkybox":true,"showFlares":true,"showImageEffects":true,"showParticleSystems":true},"in2DMode":false,"pivot":{"x":-4.973130226135254,"y":6.554283618927002,"z":-0.40096163749694826},"rotation":{"x":0.05872885137796402,"y":-0.040423717349767688,"z":0.0023836796171963217,"w":0.9974729418754578},"size":6.552008152008057,"orthographic":false}